rank,player,nfl_team,position,market_rank,consensus_adp,underdog_adp,custom_rank,tier,peter_score,nfl_adp,sleeper_adp,yahoo_adp,espn_adp,fantasypros_adp,walterpicks_adp
1,Jahmyr Gibbs,DET,RB,1,,,1,S,99,,,,,,
2,Bijan Robinson,ATL,RB,2,,,2,S,99,,,,,,
3,Ja'Marr Chase,CIN,WR,3,,,3,S,98,,,,,,
4,Puka Nacua,LAR,WR,4,,,4,S,98,,,,,,
5,Jaxon Smith-Njigba,SEA,WR,5,,,5,A,98,,,,,,
6,Christian McCaffrey,SF,RB,6,,,6,A,98,,,,,,
7,Amon-Ra St. Brown,DET,WR,7,,,7,A,97,,,,,,
8,Jonathan Taylor,IND,RB,8,,,8,A,97,,,,,,
9,CeeDee Lamb,DAL,WR,9,,,9,A,97,,,,,,
10,James Cook,BUF,RB,10,,,10,B,97,,,,,,
11,Justin Jefferson,MIN,WR,11,,,11,B,96,,,,,,
12,Chase Brown,CIN,RB,12,,,12,B,96,,,,,,
13,Devon Achane,MIA,RB,13,,,13,B,96,,,,,,
14,Omarion Hampton,LAC,RB,14,,,14,B,95,,,,,,
15,Saquon Barkley,PHI,RB,15,,,15,B,95,,,,,,
16,Kenneth Walker,KC,RB,16,,,16,B,95,,,,,,
17,Ashton Jeanty,LV,RB,17,,,17,B,95,,,,,,
18,Drake London,ATL,WR,18,,,18,B,94,,,,,,
19,Brock Bowers,LV,TE,19,,,19,C,94,,,,,,
20,Derrick Henry,BAL,RB,20,,,20,C,94,,,,,,
21,A.J. Brown,NE,WR,21,,,21,C,93,,,,,,
22,Nico Collins,HOU,WR,22,,,22,C,93,,,,,,
23,Malik Nabers,NYG,WR,23,,,23,C,93,,,,,,
24,George Pickens,DAL,WR,24,,,24,C,93,,,,,,
25,Rashee Rice,KC,WR,25,,,25,C,92,,,,,,
26,Chris Olave,NO,WR,26,,,26,C,92,,,,,,
27,Trey McBride,ARI,TE,27,,,27,C,92,,,,,,
28,DeVonta Smith,PHI,WR,28,,,28,D,92,,,,,,
29,Breece Hall,NYJ,RB,29,,,29,D,91,,,,,,
30,Jeremiyah Love,ARI,RB,30,,,30,D,91,,,,,,
31,Kyren Williams,LAR,RB,31,,,31,D,91,,,,,,
32,Javonte Williams,DAL,RB,32,,,32,D,90,,,,,,
33,Zay Flowers,BAL,WR,33,,,33,D,90,,,,,,
34,Tee Higgins,CIN,WR,34,,,34,D,90,,,,,,
35,Jaylen Waddle,DEN,WR,35,,,35,D,90,,,,,,
36,Josh Allen,BUF,QB,36,,,36,D,89,,,,,,
37,Ladd McConkey,LAC,WR,37,,,37,D,89,,,,,,
38,Emeka Egbuka,TB,WR,38,,,38,D,89,,,,,,
39,Colston Loveland,CHI,TE,39,,,39,D,88,,,,,,
40,Tetairoa McMillan,CAR,WR,40,,,40,E,88,,,,,,
41,Garrett Wilson,NYJ,WR,41,,,41,E,88,,,,,,
42,Travis Etienne,NO,RB,42,,,42,E,88,,,,,,
43,Cam Skattebo,NYG,RB,43,,,43,E,87,,,,,,
44,Bucky Irving,TB,RB,44,,,44,E,87,,,,,,
45,D'Andre Swift,CHI,RB,45,,,45,E,87,,,,,,
46,Davante Adams,LAR,WR,46,,,46,E,87,,,,,,
47,Bhayshul Tuten,JAX,RB,47,,,47,E,86,,,,,,
48,David Montgomery,HOU,RB,48,,,48,E,86,,,,,,
49,Quinshon Judkins,CLE,RB,49,,,49,E,86,,,,,,
50,Luther Burden,CHI,WR,50,,,50,E,85,,,,,,
51,Terry McLaurin,WAS,WR,51,,,51,F,85,,,,,,
52,Jameson Williams,DET,WR,52,,,52,F,85,,,,,,
53,TreVeyon Henderson,NE,RB,53,,,53,F,85,,,,,,
54,Lamar Jackson,BAL,QB,54,,,54,F,84,,,,,,
55,Mike Evans,SF,WR,55,,,55,F,84,,,,,,
56,Rome Odunze,CHI,WR,56,,,56,F,84,,,,,,
57,Jadarian Price,SEA,RB,57,,,57,F,83,,,,,,
58,Carnell Tate,TEN,WR,58,,,58,F,83,,,,,,
59,Brian Thomas,JAX,WR,59,,,59,F,83,,,,,,
60,Tyler Warren,IND,TE,60,,,60,F,83,,,,,,
61,DJ Moore,BUF,WR,61,,,61,F,82,,,,,,
62,Marvin Harrison,ARI,WR,62,,,62,G,82,,,,,,
63,Christian Watson,GB,WR,63,,,63,G,82,,,,,,
64,Jaylen Warren,PIT,RB,64,,,64,G,82,,,,,,
65,Parker Washington,JAX,WR,65,,,65,G,81,,,,,,
66,Drake Maye,NE,QB,66,,,66,G,81,,,,,,
67,Jayden Daniels,WAS,QB,67,,,67,G,81,,,,,,
68,Joe Burrow,CIN,QB,68,,,68,G,80,,,,,,
69,Caleb Williams,CHI,QB,69,,,69,G,80,,,,,,
70,Jalen Hurts,PHI,QB,70,,,70,G,80,,,,,,
71,Tucker Kraft,GB,TE,71,,,71,G,80,,,,,,
72,Jonathon Brooks,CAR,RB,72,,,72,G,79,,,,,,
73,Rhamondre Stevenson,NE,RB,73,,,73,G,79,,,,,,
74,Tony Pollard,TEN,RB,74,,,74,G,79,,,,,,
75,Sam LaPorta,DET,TE,75,,,75,G,78,,,,,,
76,Makai Lemon,PHI,WR,76,,,76,G,78,,,,,,
77,Michael Pittman,PIT,WR,77,,,77,G,78,,,,,,
78,Jordan Addison,MIN,WR,78,,,78,G,78,,,,,,
79,Quentin Johnston,LAC,WR,79,,,79,G,77,,,,,,
80,DK Metcalf,PIT,WR,80,,,80,G,77,,,,,,
81,Chris Godwin,TB,WR,81,,,81,G,77,,,,,,
82,J.K. Dobbins,DEN,RB,82,,,82,G,77,,,,,,
83,Trevor Lawrence,JAX,QB,83,,,83,G,76,,,,,,
84,Stefon Diggs,WAS,WR,84,,,84,G,76,,,,,,
85,Alec Pierce,IND,WR,85,,,85,G,76,,,,,,
86,Justin Herbert,LAC,QB,86,,,86,G,75,,,,,,
87,Michael Wilson,ARI,WR,87,,,87,G,75,,,,,,
88,Courtland Sutton,DEN,WR,88,,,88,G,75,,,,,,
89,Rico Dowdle,PIT,RB,89,,,89,G,75,,,,,,
90,RJ Harvey,DEN,RB,90,,,90,G,74,,,,,,
91,Josh Jacobs,GB,RB,91,,,91,D,74,,,,,,
92,Dak Prescott,DAL,QB,92,,,92,G,74,,,,,,
93,Rachaad White,WAS,RB,93,,,93,G,73,,,,,,
94,Jordan Mason,MIN,RB,94,,,94,G,73,,,,,,
95,Kyle Pitts,ATL,TE,95,,,95,G,73,,,,,,
96,Harold Fannin,CLE,TE,96,,,96,G,73,,,,,,
97,Chuba Hubbard,CAR,RB,97,,,97,G,72,,,,,,
98,Blake Corum,LAR,RB,98,,,98,G,72,,,,,,
99,Josh Downs,IND,WR,99,,,99,G,72,,,,,,
100,Wan'Dale Robinson,TEN,WR,100,,,100,G,72,,,,,,
101,Jordyn Tyson,NO,WR,101,,,101,G,71,,,,,,
102,KC Concepcion,CLE,WR,102,,,102,G,71,,,,,,
103,Jacory Croskey-Merritt,WAS,RB,103,,,103,G,71,,,,,,
104,MarShawn Lloyd,GB,RB,104,,,104,J,70,,,,,,
105,Brock Purdy,SF,QB,105,,,105,G,70,,,,,,
106,Jaxson Dart,NYG,QB,106,,,106,G,70,,,,,,
107,Kyle Monangai,CHI,RB,107,,,107,G,70,,,,,,
108,George Kittle,SF,TE,108,,,108,G,69,,,,,,
109,Jayden Reed,GB,WR,109,,,109,G,69,,,,,,
110,Bo Nix,DEN,QB,110,,,110,G,69,,,,,,
111,Xavier Worthy,KC,WR,111,,,111,G,68,,,,,,
112,Patrick Mahomes,KC,QB,112,,,112,G,68,,,,,,
113,Kenneth Gainwell,TB,RB,113,,,113,G,68,,,,,,
114,Matthew Stafford,LAR,QB,114,,,114,G,68,,,,,,
115,Deebo Samuel,SF,WR,115,,,115,G,67,,,,,,
116,Jared Goff,DET,QB,116,,,116,G,67,,,,,,
117,Matthew Golden,GB,WR,117,,,117,G,67,,,,,,
118,Aaron Jones,MIN,RB,118,,,118,H,67,,,,,,
119,Kyler Murray,MIN,QB,119,,,119,H,66,,,,,,
120,Travis Kelce,KC,TE,120,,,120,H,66,,,,,,
121,Jakobi Meyers,JAX,WR,121,,,121,H,66,,,,,,
122,Romeo Doubs,NE,WR,122,,,122,H,65,,,,,,
123,Travis Hunter,JAX,WR,123,,,123,H,65,,,,,,
124,Jalen Coker,CAR,WR,124,,,124,H,65,,,,,,
125,De'Zhaun Stribling,SF,WR,125,,,125,H,65,,,,,,
126,Jake Ferguson,DAL,TE,126,,,126,H,64,,,,,,
127,Baker Mayfield,TB,QB,127,,,127,H,64,,,,,,
128,Chris Rodriguez,JAX,RB,128,,,128,H,64,,,,,,
129,Denzel Boston,CLE,WR,129,,,129,H,63,,,,,,
130,Isaiah Likely,NYG,TE,130,,,130,H,63,,,,,,
131,Dalton Kincaid,BUF,TE,131,,,131,H,63,,,,,,
132,Tyler Shough,NO,QB,132,,,132,H,63,,,,,,
133,Jonah Coleman,DEN,RB,133,,,133,H,62,,,,,,
134,Dallas Goedert,PHI,TE,134,,,134,H,62,,,,,,
135,Mark Andrews,BAL,TE,135,,,135,H,62,,,,,,
136,Malik Willis,MIA,QB,136,,,136,I,62,,,,,,
137,Khalil Shakir,BUF,WR,137,,,137,I,61,,,,,,
138,Woody Marks,HOU,RB,138,,,138,I,61,,,,,,
139,Jordan Love,GB,QB,139,,,139,I,61,,,,,,
140,Keaton Mitchell,LAC,RB,140,,,140,I,60,,,,,,
141,Rashid Shaheed,SEA,WR,141,,,141,I,60,,,,,,
142,Tyler Allgeier,ARI,RB,142,,,142,I,60,,,,,,
143,Tank Bigsby,PHI,RB,143,,,143,I,60,,,,,,
144,Omar Cooper Jr.,NYJ,WR,144,,,144,I,59,,,,,,
145,Juwan Johnson,NO,TE,145,,,145,I,59,,,,,,
146,Chig Okonkwo,WAS,TE,146,,,146,I,59,,,,,,
147,Keenan Allen,IND,WR,147,,,147,I,58,,,,,,
148,Jalen McMillan,TB,WR,148,,,148,I,58,,,,,,
149,Tyrone Tracy,NYG,RB,149,,,149,J,58,,,,,,
150,Brenton Strange,JAX,TE,150,,,150,J,58,,,,,,
151,Isiah Pacheco,DET,RB,151,,,151,J,57,,,,,,
152,Tre Tucker,LV,WR,152,,,152,J,57,,,,,,
153,C.J. Stroud,HOU,QB,153,,,153,J,57,,,,,,
154,Sam Darnold,SEA,QB,154,,,154,J,57,,,,,,
155,Oronde Gadsden,LAC,TE,155,,,155,J,56,,,,,,
156,Cam Ward,TEN,QB,156,,,156,J,56,,,,,,
157,Daniel Jones,IND,QB,157,,,157,J,56,,,,,,
158,Hunter Henry,NE,TE,158,,,158,J,55,,,,,,
159,Alvin Kamara,NO,RB,159,,,159,J,55,,,,,,
160,Zach Charbonnet,SEA,RB,160,,,160,J,55,,,,,,
161,Dylan Sampson,CLE,RB,161,,,161,J,55,,,,,,
162,Bryce Young,CAR,QB,162,,,162,J,54,,,,,,
163,Tyjae Spears,TEN,RB,163,,,163,J,54,,,,,,
164,T.J. Hockenson,MIN,TE,164,,,164,J,54,,,,,,
165,Kenyon Sadiq,NYJ,TE,165,,,165,J,53,,,,,,
166,Brian Robinson,ATL,RB,166,,,166,J,53,,,,,,
167,AJ Barner,SEA,TE,167,,,167,J,53,,,,,,
168,Dalton Schultz,HOU,TE,168,,,168,J,53,,,,,,
169,Jalen Nailor,LV,WR,169,,,169,K,52,,,,,,
170,Tre Harris,LAC,WR,170,,,170,K,52,,,,,,
171,Sean Tucker,TB,RB,171,,,171,K,52,,,,,,
172,Caleb Douglas,MIA,WR,172,,,172,K,52,,,,,,
173,Kaytron Allen,WAS,RB,173,,,173,K,51,,,,,,
174,Nicholas Singleton,TEN,RB,174,,,174,K,51,,,,,,
175,Tank Dell,HOU,WR,175,,,175,K,51,,,,,,
176,Darnell Mooney,NYG,WR,176,,,176,K,50,,,,,,
177,Antonio Williams,WAS,WR,177,,,177,K,50,,,,,,
178,Malik Washington,MIA,WR,178,,,178,K,50,,,,,,
179,Ryan Flournoy,DAL,WR,179,,,179,K,50,,,,,,
180,Emmett Johnson,KC,RB,180,,,180,K,49,,,,,,
181,Ja'Kobi Lane,BAL,WR,181,,,181,K,49,,,,,,
182,Calvin Ridley,TEN,WR,182,,,182,K,49,,,,,,
183,Mike Washington Jr.,LV,RB,183,,,183,K,48,,,,,,
184,Zachariah Branch,ATL,WR,184,,,184,K,48,,,,,,
185,Cyrus Allen,KC,WR,185,,,185,K,48,,,,,,
186,Ray Davis,BUF,RB,186,,,186,K,48,,,,,,
187,Kayshon Boutte,NE,WR,187,,,187,K,47,,,,,,
188,Demond Claiborne,MIN,RB,188,,,188,K,47,,,,,,
189,Chris Brooks,GB,RB,189,,,189,K,47,,,,,,
190,Germie Bernard,PIT,WR,190,,,190,K,47,,,,,,
191,Braelon Allen,NYJ,RB,191,,,191,K,46,,,,,,
192,Terrance Ferguson,LAR,TE,192,,,192,K,46,,,,,,
193,Jerry Jeudy,CLE,WR,193,,,193,K,46,,,,,,
194,Devin Singletary,NYG,RB,194,,,194,K,45,,,,,,
195,Brashard Smith,KC,RB,195,,,195,K,45,,,,,,
196,Jauan Jennings,MIN,WR,196,,,196,K,45,,,,,,
197,Gunnar Helm,TEN,TE,197,,,197,K,45,,,,,,
198,Isaac TeSlaa,DET,WR,198,,,198,K,44,,,,,,
199,Aaron Rodgers,PIT,QB,199,,,199,K,44,,,,,,
200,Jaydon Blue,DAL,RB,200,,,200,K,44,,,,,,
201,Najee Harris,NYG,RB,201,,,201,K,43,,,,,,
202,David Njoku,LAC,TE,202,,,202,K,43,,,,,,
203,Jacoby Brissett,ARI,QB,203,,,203,K,43,,,,,,
204,Chris Bell,MIA,WR,204,,,204,K,43,,,,,,
205,Kimani Vidal,LAC,RB,205,,,205,K,42,,,,,,
206,Pat Freiermuth,PIT,TE,206,,,206,K,42,,,,,,
207,Ollie Gordon II,MIA,RB,207,,,207,K,42,,,,,,
208,Adonai Mitchell,NYJ,WR,208,,,208,K,42,,,,,,
209,Troy Franklin,DEN,WR,209,,,209,K,41,,,,,,
210,Elijah Sarratt,BAL,WR,210,,,210,K,41,,,,,,
211,Greg Dulcich,MIA,TE,211,,,211,K,41,,,,,,
212,Cade Otton,TB,TE,212,,,212,L,40,,,,,,
213,Eli Stowers,PHI,TE,213,,,213,L,40,,,,,,
214,Fernando Mendoza,LV,QB,214,,,214,L,40,,,,,,
215,Elic Ayomanor,TEN,WR,215,,,215,L,40,,,,,,
216,Geno Smith,NYJ,QB,216,,,216,L,39,,,,,,
217,Adam Randall,BAL,RB,217,,,217,L,39,,,,,,
218,Dontayvion Wicks,PHI,WR,218,,,218,L,39,,,,,,
219,Ted Hurst,TB,WR,219,,,219,L,38,,,,,,
220,Jordan James,SF,RB,220,,,220,L,38,,,,,,
221,Malachi Fields,NYG,WR,221,,,221,L,38,,,,,,
222,Darius Slayton,NYG,WR,222,,,222,L,38,,,,,,
223,Jaylin Noel,HOU,WR,223,,,223,L,37,,,,,,
224,Calvin Austin,NYG,WR,224,,,224,L,37,,,,,,
225,Keon Coleman,BUF,WR,225,,,225,L,37,,,,,,
226,Pat Bryant,DEN,WR,226,,,226,L,37,,,,,,
227,Luke McCaffrey,WAS,WR,227,,,227,L,36,,,,,,
228,Jack Bech,LV,WR,228,,,228,L,36,,,,,,
229,James Conner,ARI,RB,229,,,229,L,36,,,,,,
230,Ty Johnson,BUF,RB,230,,,230,L,35,,,,,,
231,Justice Hill,BAL,RB,231,,,231,L,35,,,,,,
232,DJ Giddens,IND,RB,232,,,232,L,35,,,,,,
233,Chimere Dike,TEN,WR,233,,,233,L,35,,,,,,
234,Christian Kirk,SF,WR,234,,,234,L,34,,,,,,
235,Tyquan Thornton,KC,WR,235,,,235,L,34,,,,,,
236,Samaje Perine,CIN,RB,236,,,236,L,34,,,,,,
237,Tez Johnson,TB,WR,237,,,237,L,33,,,,,,
238,Tory Horton,SEA,WR,238,,,238,L,33,,,,,,
239,Bryce Lance,NO,WR,239,,,239,L,33,,,,,,
240,Tua Tagovailoa,ATL,QB,240,,,240,L,33,,,,,,
241,Charlie Kolar,LAC,TE,241,,,241,L,32,,,,,,
242,Isaiah Davis,NYJ,RB,242,,,242,L,32,,,,,,
243,Skyler Bell,BUF,WR,243,,,243,L,32,,,,,,
244,Kendre Miller,NO,RB,244,,,244,L,32,,,,,,
245,George Holani,SEA,RB,245,,,245,L,31,,,,,,
246,Emanuel Wilson,SEA,RB,246,,,246,L,31,,,,,,
247,Cedric Tillman,CLE,WR,247,,,247,L,31,,,,,,
248,Rashod Bateman,BAL,WR,248,,,248,L,30,,,,,,
249,Chris Brazzell II,CAR,WR,249,,,249,L,30,,,,,,
250,Max Klare,LAR,TE,250,,,250,L,30,,,,,,
251,Devaughn Vele,NO,WR,251,,,251,L,30,,,,,,
252,Mike Gesicki,CIN,TE,252,,,252,L,29,,,,,,
253,Isaac Guerendo,SF,RB,253,,,253,L,29,,,,,,
254,Cooper Kupp,SEA,WR,254,,,254,L,29,,,,,,
255,Kaelon Black,SF,RB,255,,,255,L,28,,,,,,
256,Andrei Iosivas,CIN,WR,256,,,256,L,28,,,,,,
257,Seth McGowan,IND,RB,257,,,257,L,28,,,,,,
258,Evan Engram,DEN,TE,258,,,258,L,28,,,,,,
259,Kaleb Johnson,PIT,RB,259,,,259,L,27,,,,,,
260,Eli Raridon,NE,TE,260,,,260,L,27,,,,,,
261,Trey Benson,ARI,RB,261,,,261,L,27,,,,,,
262,Brandon Aiyuk,SF,WR,262,,,262,L,27,,,,,,
263,Colby Parkinson,LAR,TE,263,,,263,L,26,,,,,,
264,Shedeur Sanders,CLE,QB,264,,,264,L,26,,,,,,
265,Xavier Legette,CAR,WR,265,,,265,L,26,,,,,,
266,Deshaun Watson,CLE,QB,266,,,266,L,25,,,,,,
267,Jaylen Wright,MIA,RB,267,,,267,L,25,,,,,,
268,Hollywood Brown,PHI,WR,268,,,268,L,25,,,,,,
269,Devin Neal,NO,RB,269,,,269,L,25,,,,,,
270,Michael Penix,ATL,QB,270,,,270,L,24,,,,,,
271,LeQuint Allen,JAX,RB,271,,,271,L,24,,,,,,
272,Mack Hollins,NE,WR,272,,,272,L,24,,,,,,
273,Konata Mumpfield,LAR,WR,273,,,273,L,23,,,,,,
274,Jake Tonges,SF,TE,274,,,274,L,23,,,,,,
275,Trevor Etienne,CAR,RB,275,,,275,L,23,,,,,,
276,Olamide Zaccheaus,ATL,WR,276,,,276,L,23,,,,,,
277,Carson Beck,ARI,QB,277,,,277,L,22,,,,,,
278,Kirk Cousins,LV,QB,278,,,278,L,22,,,,,,
279,Tyreek Hill,,WR,279,,,279,L,22,,,,,,
280,Darren Waller,CAR,TE,280,,,280,L,22,,,,,,
281,Darnell Washington,PIT,TE,281,,,281,L,21,,,,,,
282,Theo Johnson,NYG,TE,282,,,282,L,21,,,,,,
283,Mason Taylor,NYJ,TE,283,,,283,L,21,,,,,,
284,Joshua Palmer,BUF,WR,284,,,284,M,20,,,,,,
285,Anthony Richardson,IND,QB,285,,,285,M,20,,,,,,
286,Michael Mayer,LV,TE,286,,,286,M,20,,,,,,
287,J.J. McCarthy,MIN,QB,287,,,287,M,20,,,,,,
288,Jaylin Lane,WAS,WR,288,,,288,M,19,,,,,,
289,Mac Jones,SF,QB,289,,,289,M,19,,,,,,
290,Justin Fields,KC,QB,290,,,290,M,19,,,,,,
291,Ty Simpson,LAR,QB,291,,,291,M,18,,,,,,
292,Malik Davis,DAL,RB,292,,,292,M,18,,,,,,
293,Elijah Arroyo,SEA,TE,293,,,293,M,18,,,,,,
294,Dawson Knox,BUF,TE,294,,,294,M,18,,,,,,
295,Cole Kmet,CHI,TE,295,,,295,M,17,,,,,,
296,Dont'e Thornton Jr.,LV,WR,296,,,296,M,17,,,,,,
297,Isaiah Bond,CLE,WR,297,,,297,M,17,,,,,,
298,Oscar Delp,NO,TE,298,,,298,M,17,,,,,,
299,Ja'Tavion Sanders,CAR,TE,299,,,299,M,16,,,,,,
300,Jalen Tolbert,MIA,WR,300,,,300,M,16,,,,,,
301,Treylon Burks,WAS,WR,301,,,301,M,16,,,,,,
302,Kendrick Bourne,ARI,WR,302,,,302,N,15,,,,,,
303,Noah Gray,KC,TE,303,,,303,N,15,,,,,,
304,Marvin Mims,DEN,WR,304,,,304,N,15,,,,,,
305,Zavion Thomas,CHI,WR,305,,,305,N,15,,,,,,
306,Emari Demercado,KC,RB,306,,,306,N,14,,,,,,
307,Kyle Williams,NE,WR,307,,,307,N,14,,,,,,
308,Justin Joly,DEN,TE,308,,,308,N,14,,,,,,
309,Jerome Ford,WAS,RB,309,,,309,N,13,,,,,,
310,Jahan Dotson,ATL,WR,310,,,310,N,13,,,,,,
311,Tahj Brooks,CIN,RB,311,,,311,N,13,,,,,,
312,Drew Allar,PIT,QB,312,,,312,N,13,,,,,,
313,Noah Fant,NO,TE,313,,,313,N,12,,,,,,
314,Jarquez Hunter,LAR,RB,314,,,314,N,12,,,,,,
315,Cade Klubnik,NYJ,QB,315,,,315,N,12,,,,,,
316,Jaleel McLaughlin,DEN,RB,316,,,316,N,12,,,,,,
317,Audric Estime,NO,RB,317,,,317,N,11,,,,,,
318,Luke Musgrave,GB,TE,318,,,318,N,11,,,,,,
319,Will Shipley,PHI,RB,319,,,319,N,11,,,,,,
320,Tutu Atwell,MIA,WR,320,,,320,N,10,,,,,,
321,Kareem Hunt,,RB,321,,,321,N,10,,,,,,
322,Jameis Winston,NYG,QB,322,,,322,N,10,,,,,,
323,Tyler Higbee,LAR,TE,323,,,323,N,10,,,,,,
324,Jordan Whittington,LAR,WR,324,,,324,O,9,,,,,,
325,Marcus Mariota,WAS,QB,325,,,325,O,9,,,,,,
326,DeMario Douglas,NE,WR,326,,,326,O,9,,,,,,
327,Luke Schoonmaker,DAL,TE,327,,,327,O,8,,,,,,
328,Eli Heidenreich,PIT,RB,328,,,328,O,8,,,,,,
329,Brenen Thompson,LAC,WR,329,,,329,O,8,,,,,,
330,Jawhar Jordan,HOU,RB,330,,,330,O,8,,,,,,
331,Savion Williams,GB,WR,331,,,331,O,7,,,,,,
332,Xavier Hutchinson,HOU,WR,332,,,332,O,7,,,,,,
333,Kevin Coleman Jr.,MIA,WR,333,,,333,O,7,,,,,,
334,KaVontae Turpin,DAL,WR,334,,,334,O,7,,,,,,
335,Kalif Raymond,CHI,WR,335,,,335,O,6,,,,,,
336,Joe Flacco,CIN,QB,336,,,336,O,6,,,,,,
337,Nick Westbrook-Ikhine,IND,WR,337,,,337,O,6,,,,,,
338,Ashton Dulin,IND,WR,338,,,338,O,5,,,,,,
339,Devontez Walker,BAL,WR,339,,,339,O,5,,,,,,
340,Dameon Pierce,PHI,RB,340,,,340,O,5,,,,,,
341,Roman Wilson,PIT,WR,341,,,341,O,5,,,,,,
342,Dyami Brown,WAS,WR,342,,,342,O,4,,,,,,
343,Greg Dortch,DET,WR,343,,,343,O,4,,,,,,
344,Demarcus Robinson,SF,WR,344,,,344,O,4,,,,,,
345,Theo Wease Jr.,MIA,WR,345,,,345,O,3,,,,,,
346,Riley Leonard,IND,QB,346,,,346,O,3,,,,,,
347,Mo Alie-Cox,IND,TE,347,,,347,O,3,,,,,,
348,Gardner Minshew,ARI,QB,348,,,348,O,3,,,,,,
349,DeAndre Hopkins,,WR,349,,,349,O,2,,,,,,
350,Taysom Hill,,TE,350,,,350,O,2,,,,,,
351,Tyrod Taylor,GB,QB,351,,,351,O,2,,,,,,
352,JuJu Smith-Schuster,,WR,352,,,352,O,2,,,,,,
353,Zonovan Knight,ARI,RB,353,,,353,O,1,,,,,,
354,Raheim Sanders,CLE,RB,354,,,354,O,1,,,,,,
